list_num,category,title,year,movie_id,source,list_title
1,"Boxing / Fighting","Rocky",1976,22ea7531-ed33-47cd-9db9-b6b2aa47acf1,pre_catalog,"Rocky"
2,"Boxing / Fighting","Rocky II",1979,46cfbcd8-d0c1-4e75-a502-ec01c64968ba,pre_catalog,"Rocky II"
3,"Boxing / Fighting","Rocky III",1982,5c131394-0248-45a4-a609-1e90c773a141,imported,"Rocky III"
4,"Boxing / Fighting","Rocky IV",1985,60df34d2-a80b-4552-9c5b-7be09121744c,pre_catalog,"Rocky IV"
5,"Boxing / Fighting","Rocky V",1990,55fceeb7-3085-433f-b960-ac9e52727a24,imported,"Rocky V"
6,"Boxing / Fighting","Rocky Balboa",2006,4e2bbafc-f855-4224-8ac4-b02417f89e8e,imported,"Rocky Balboa"
7,"Boxing / Fighting","Creed",2015,84fd4431-69cf-4e8e-b9f2-4c150b04a66c,imported,"Creed"
8,"Boxing / Fighting","Creed II",2018,e4b81c3a-5908-47ed-a11d-a8e0afd16dab,imported,"Creed II"
9,"Boxing / Fighting","Creed III",2023,9100c1be-14f0-4f92-ad4c-c5c7796b4a6b,imported,"Creed III"
10,"Boxing / Fighting","Raging Bull",1980,dffe644c-1154-4047-bbb1-46e8c7231d93,pre_catalog,"Raging Bull"
11,"Boxing / Fighting","The Fighter",2010,0ee7dd2a-7f58-4565-bc07-8ba38576e6fe,pre_catalog,"The Fighter"
12,"Boxing / Fighting","Million Dollar Baby",2004,7944cfe2-0522-4e6d-9bdc-5fb69048d013,pre_catalog,"Million Dollar Baby"
13,"Boxing / Fighting","Cinderella Man",2005,b44ffe58-03e7-496d-9fb5-777189f01f13,imported,"Cinderella Man"
14,"Boxing / Fighting","Ali",2001,edc2c842-ec9b-4e29-be1e-eb8f969b98e0,imported,"Ali"
15,"Boxing / Fighting","Southpaw",2015,445f12bc-8620-41b6-841e-047693f96b1f,imported,"Southpaw"
16,"Boxing / Fighting","Warrior",2011,adc2f32e-d87c-43d4-9d6f-eb4c5d1d0feb,imported,"Warrior"
17,"Boxing / Fighting","The Hurricane",1999,4af0f5f0-3db3-44d4-aeea-d0a08dd5cc0d,imported,"The Hurricane"
18,"Boxing / Fighting","Play It to the Bone",1999,f513d2b3-260e-4d8c-a0d3-0fbb5bff7026,imported,"Play It to the Bone"
19,"Boxing / Fighting","The Champ",1979,78296a5c-b889-493d-bc79-89a3c1b671f4,imported,"The Champ"
20,"Boxing / Fighting","Real Steel",2011,f7442a8a-f7f2-47b1-a686-fcc10a30d0b1,imported,"Real Steel"
21,"Boxing / Fighting","Nacho Libre",2006,528fe3a5-c574-4f6a-b20d-bd96b1d1375d,imported,"Nacho Libre"
22,"Boxing / Fighting","Vision Quest",1985,cdc087cf-2478-4cd0-8cae-bf9aa35301ad,imported,"Vision Quest"
23,"Boxing / Fighting","Over the Top",1987,e3d9ef7a-cc6b-4b51-b5c2-c707d3c9d877,pre_catalog,"Over the Top"
24,"Boxing / Fighting","No Holds Barred",1989,017cf57a-a7e2-4051-99cc-471dd0e6b34b,imported,"No Holds Barred"
25,"Boxing / Fighting","The Wrestler",2008,007ac641-48f0-48dd-bf31-0589fee90c0b,imported,"The Wrestler"
26,"Boxing / Fighting","The Iron Claw",2023,0b7df921-a72c-42a2-a379-e452527545f3,imported,"The Iron Claw"
27,"Boxing / Fighting","Foxcatcher",2014,444bad18-5a65-4fe5-aa1b-2d63ea6f6956,imported,"Foxcatcher"
28,"Boxing / Fighting","The Smashing Machine",2025,66c2aa60-8066-4289-aa43-ac5c7c48de1c,imported,"The Smashing Machine"
29,"Boxing / Fighting","The Karate Kid",1984,4dbbaeac-2459-4b47-a0e0-aa0a7085df40,pre_catalog,"The Karate Kid"
30,"Boxing / Fighting","The Karate Kid Part II",1986,f7058cbd-9acf-4de1-9050-9f8152761aea,pre_catalog,"The Karate Kid Part II"
31,"Boxing / Fighting","The Karate Kid Part III",1989,1a9197af-13c3-49ab-a416-5ca57bb7d681,imported,"The Karate Kid Part III"
32,"Boxing / Fighting","The Next Karate Kid",1994,b9161106-378a-4fc9-b664-a0f9e6461f11,imported,"The Next Karate Kid"
33,"Boxing / Fighting","The Karate Kid",2010,eb8063f8-c961-41dc-9c8d-e981c24bfbed,imported,"The Karate Kid — 2010"
34,"Boxing / Fighting","Bloodsport",1988,de764122-e50b-4665-97b0-f656e91da2b7,imported,"Bloodsport"
35,"Boxing / Fighting","Best of the Best",1989,c14da290-9d6c-41ca-9454-313704dc873f,imported,"Best of the Best"
36,"Boxing / Fighting","Never Back Down",2008,9ffebec9-bed3-4657-b3ee-ca9a984bf6d1,imported,"Never Back Down"
37,"Boxing / Fighting","Kickboxer",1989,ae4916bc-8e8c-4038-a384-884063c7f8b8,imported,"Kickboxer"
38,"Baseball","Field of Dreams",1989,aecaf115-045d-4d78-be2c-a7868554459d,pre_catalog,"Field of Dreams"
39,"Baseball","Bull Durham",1988,649c3237-b3cf-4371-b815-ce61b2a86ab0,imported,"Bull Durham"
40,"Baseball","The Natural",1984,2a829417-f60c-4a0b-a238-3612ab13b7ab,imported,"The Natural"
41,"Baseball","Major League",1989,9624f456-53cf-4a4b-b628-249f3ff5f78c,imported,"Major League"
42,"Baseball","Major League II",1994,ad658f62-3bb9-4579-88f7-04e68244da1d,imported,"Major League II"
43,"Baseball","A League of Their Own",1992,9b10765c-a1ea-4d5b-b391-736f722186d1,pre_catalog,"A League of Their Own"
44,"Baseball","Moneyball",2011,1d27fa20-e775-4372-ab7d-fafc7871ec36,pre_catalog,"Moneyball"
45,"Baseball","The Sandlot",1993,00ca54de-09c1-40f5-b3b6-5d567b14a77f,imported,"The Sandlot"
46,"Baseball","Rookie of the Year",1993,09c9c53a-dc8c-40b4-894d-196ca0bcabda,imported,"Rookie of the Year"
47,"Baseball","Angels in the Outfield",1994,be1d108e-279e-4eaa-8d4c-eab45965ea40,imported,"Angels in the Outfield"
48,"Baseball","The Rookie",2002,60b3c757-29e6-4145-960b-db3f7e498265,imported,"The Rookie"
49,"Baseball","42",2013,876ee238-9b57-4d46-8560-1c9baf909dd1,imported,"42"
51,"Baseball","For Love of the Game",1999,74b46301-754a-4244-9e52-f0b76cf5cab6,imported,"For Love of the Game"
52,"Baseball","Eight Men Out",1988,759f744e-d4b7-4a95-ae38-7b80d5461608,imported,"Eight Men Out"
53,"Baseball","The Bad News Bears",1976,4107dcd5-805f-43ae-9ae6-ed087a6eb5d8,pre_catalog,"The Bad News Bears"
54,"Baseball","The Bad News Bears in Breaking Training",1977,bb18a475-0a5d-46ae-afe1-169d116b6df8,pre_catalog,"The Bad News Bears in Breaking Training"
55,"Baseball","The Bad News Bears Go to Japan",1978,bbd87834-f60b-41b0-b9f6-404f21a9a7b1,imported,"The Bad News Bears Go to Japan"
56,"Baseball","The Bad News Bears",2005,271ce7dd-5d1e-4a1c-b58f-107e80f98d12,imported,"Bad News Bears — 2005"
57,"Baseball","The Pride of the Yankees",1942,f190ded4-cebd-4e63-8239-5d0ece75763d,imported,"The Pride of the Yankees"
58,"Baseball","Fever Pitch",2005,9fc8d819-e91e-4470-9324-1abc5d68baa9,imported,"Fever Pitch"
59,"Baseball","Hardball",2001,ee2c8f8a-35f9-4de4-ab18-fe6a0c2fda84,imported,"Hardball"
60,"Baseball","The Fan",1996,2a648bb9-9ba4-4408-936b-ae1e7319763d,imported,"The Fan"
61,"Baseball","Million Dollar Arm",2014,9d995e16-fca9-4882-8f2f-6ab24d0a8efd,imported,"Million Dollar Arm"
62,"Baseball","61*",2001,1146fdff-c356-433e-ac68-73099b164e31,imported,"61*"
63,"Baseball","Babe",1995,ad5787bd-e545-4fb5-b7d4-3c1c21b096c6,pre_catalog,"The Babe"
64,"Baseball","Mr. Baseball",1992,abf066f6-f798-4223-aa13-c8291c295ddc,imported,"Mr. Baseball"
65,"Baseball","The Scout",1994,334d6344-4305-49ea-a80f-1f56d00a922d,imported,"The Scout"
66,"Baseball","The Bingo Long Traveling All-Stars & Motor Kings",1976,0774498f-1889-49f2-949c-e07255ff355b,imported,"The Bingo Long Traveling All-Stars & Motor Kings"
67,"Baseball","Bang the Drum Slowly",1973,cac598a9-45c1-4a6a-b63e-428699d64122,imported,"Bang the Drum Slowly"
68,"Baseball","Cobb",1994,dd04d441-4878-484b-8a20-04986231968b,imported,"Cobb"
69,"Baseball","Little Big League",1994,4663d6d3-de5f-4ec3-9f9d-62f3ad1d5565,imported,"Little Big League"
70,"Baseball","Summer Catch",2001,c0059b53-0d75-4ebe-ac5f-55fa7f3135fb,imported,"Summer Catch"
71,"Baseball","The Perfect Game",2009,bce37197-65d0-474e-8c14-45603a98812e,imported,"The Perfect Game"
72,"Baseball","Mr. 3000",2004,3d45d074-8ee8-4529-91b3-0129385e4073,imported,"Mr. 3000"
73,"Baseball","The Slugger's Wife",1985,984da8a3-475a-4926-8967-d844a3a9c8b6,imported,"The Slugger's Wife"
74,"Baseball","Talent for the Game",1991,85f6f494-317d-497a-bc82-d0867addb149,imported,"Talent for the Game"
75,"Baseball","The Benchwarmers",2006,1e0fa936-bb05-42eb-b81a-0583c2b2aba9,imported,"The Benchwarmers"
77,"Football","Johnny Be Good",1988,f7faf5b2-4ba3-4eb0-95ea-e50fc0a00875,imported,"Johnny Be Good"
78,"Football","Remember the Titans",2000,57e51c9e-dff8-48ac-bac5-86614a39b98e,imported,"Remember the Titans"
79,"Football","Friday Night Lights",2004,2587c535-93de-4273-8867-0c62acceef48,imported,"Friday Night Lights"
80,"Football","Rudy",1993,58d6b178-53a6-41a2-98f1-f2447c61070c,imported,"Rudy"
81,"Football","The Blind Side",2009,adde2b81-7fbb-4a78-9720-7384dbe7a849,pre_catalog,"The Blind Side"
82,"Football","Any Given Sunday",1999,5dcf76a1-adc2-4741-a8d8-1f3405c6bf9a,imported,"Any Given Sunday"
83,"Football","The Longest Yard",1974,3c69614d-fd7b-41bc-8433-55e9d5fe0f56,imported,"The Longest Yard — 1974"
84,"Football","The Longest Yard",2005,56d1b0e7-ec01-4b16-8567-dbaf774d75fd,pre_catalog,"The Longest Yard — 2005"
85,"Football","The Replacements",2000,c790a681-b829-47fa-8823-4627b2eefcad,imported,"The Replacements"
86,"Football","Varsity Blues",1999,39f72286-5d02-43dd-9bf6-d0668aa74149,imported,"Varsity Blues"
87,"Football","Draft Day",2014,8d408119-4fec-4ba2-bfff-40d00ba94af1,imported,"Draft Day"
88,"Football","Invincible",2006,be356f34-92bc-41ae-89dd-f16abae8c754,imported,"Invincible"
89,"Football","We Are Marshall",2006,73a74c7c-dc1f-4f07-b689-f91b2484a2d2,imported,"We Are Marshall"
90,"Football","The Program",1993,a19f02ab-ecf1-453a-a38a-737014c7f64a,imported,"The Program"
91,"Football","Concussion",2015,06c7cf49-ab93-4956-94f1-f634fbaf3cc1,imported,"Concussion"
92,"Football","North Dallas Forty",1979,61d58767-b1a9-4479-a9e9-401a686656f2,imported,"North Dallas Forty"
93,"Football","Little Giants",1994,3ef2d644-4950-458b-9871-97e31f59c09b,imported,"Little Giants"
94,"Football","Radio",2003,978dc8a3-c33b-4d52-85b2-5d513de7f119,imported,"Radio"
95,"Football","The Game Plan",2007,c073fe72-88d6-4be7-94de-d0dcf2a73376,imported,"The Game Plan"
96,"Football","Necessary Roughness",1991,297d90e9-a450-4ed8-b420-108215c93dce,imported,"Necessary Roughness"
97,"Football","All the Right Moves",1983,205d7f6f-4b45-47e0-b133-c9acb546c560,imported,"All the Right Moves"
98,"Football","Lucas",1986,11965795-9b28-4db2-a91a-a7bbdd9799b7,imported,"Lucas"
99,"Football","Wildcats",1986,b4e3c3c0-b33b-4019-9392-145626856a11,imported,"Wildcats"
100,"Football","The Best of Times",1986,b4ff805b-4864-46c0-9668-b0b4cfe8f36c,imported,"The Best of Times"
102,"Football","American Underdog",2021,b8d57960-4d20-4af3-ae43-cd4d2f0ff26c,imported,"American Underdog"
103,"Football","80 for Brady",2023,7b721d71-d5f2-4dec-8b3e-646f1b055420,imported,"80 for Brady"
104,"Football","The Express",2008,8b5e981c-6aec-419b-811f-531606acd78f,imported,"The Express"
105,"Football","Gridiron Gang",2006,b3639094-9e4d-47b5-92e1-4ffecb0098bd,imported,"Gridiron Gang"
106,"Football","Leatherheads",2008,d23c3af6-d63f-4dc9-9d5f-c8358a160fbf,imported,"Leatherheads"
107,"Football","The Waterboy",1998,054c52d9-afbf-46e7-a1c5-e1e7ac0bdac7,pre_catalog,"The Waterboy"
108,"Basketball","Hoosiers",1986,a93b431f-bbe9-4b57-83e7-1e12b64b2121,imported,"Hoosiers"
109,"Basketball","White Men Can't Jump",1992,5dddecc4-574f-4632-8d21-687e0356a311,imported,"White Men Can't Jump"
110,"Basketball","He Got Game",1998,467a8bc0-12cf-41de-bfc1-cb7d7f71598d,imported,"He Got Game"
111,"Basketball","Blue Chips",1994,ad68b7f2-b7e8-4aab-95d5-7b9aa80b42e3,imported,"Blue Chips"
112,"Basketball","Above the Rim",1994,9fd7e0b8-b3e1-4b12-9b1b-ff7e8dba1e02,imported,"Above the Rim"
113,"Basketball","Coach Carter",2005,9f647570-2efa-499f-a1c6-195d39314c69,imported,"Coach Carter"
114,"Basketball","Love & Basketball",2000,f4c34f44-8322-48af-8b45-f5b0971ae425,imported,"Love & Basketball"
115,"Basketball","Space Jam",1996,944dabc4-3cbe-4ee7-8ef6-f06030003390,pre_catalog,"Space Jam"
116,"Basketball","Space Jam: A New Legacy",2021,eb545e0d-9758-461c-9147-c9eeeac9ea3a,imported,"Space Jam: A New Legacy"
117,"Basketball","Hustle",2022,45562708-c844-4389-aae7-1c5df3791d94,imported,"Hustle"
118,"Basketball","Air",2023,8edf5cf5-fcbf-420d-9e42-7e59da429309,imported,"Air"
119,"Basketball","Glory Road",2006,f1a9c6b6-54d8-4616-b5b0-484bfb283986,imported,"Glory Road"
120,"Basketball","The Way Back",2020,7846546f-c81e-4fea-abbf-00ea4c4bb57b,imported,"The Way Back"
121,"Basketball","Like Mike",2002,0deb972d-2d31-437d-8461-a83f3d72f5a7,imported,"Like Mike"
122,"Basketball","Semi-Pro",2008,305e1302-4e6d-4fe2-a451-a51ebc117dda,imported,"Semi-Pro"
123,"Basketball","Celtic Pride",1996,6ae9648b-3e95-460e-9b56-c3e829eda568,imported,"Celtic Pride"
124,"Basketball","The Air Up There",1994,b6f1d7d0-78df-454d-bfcc-92451b41b97f,imported,"The Air Up There"
125,"Basketball","Sunset Park",1996,77d3c15e-c82e-4d8a-ac23-cae2874580d2,imported,"Sunset Park"
126,"Basketball","Eddie",1996,970c099a-4be6-45be-8cd4-036bcf3f3887,imported,"Eddie"
127,"Basketball","Rebound",2005,69186fef-b412-4306-9da8-2c8a79242454,imported,"Rebound"
128,"Basketball","Uncle Drew",2018,c1b5e572-774a-42c6-9ea0-9091b2e1ef5f,imported,"Uncle Drew"
129,"Hockey / Skating","Miracle",2004,db30f694-4cc5-4830-ac85-5a867277d7c1,imported,"Miracle"
130,"Hockey / Skating","Slap Shot",1977,4fc3a916-fdaa-4c73-8f32-ab6e6b6206b3,imported,"Slap Shot"
131,"Hockey / Skating","The Mighty Ducks",1992,650d6cba-d79c-42d8-9c32-9cf974f06242,imported,"The Mighty Ducks"
132,"Hockey / Skating","D2: The Mighty Ducks",1994,fdf50332-4e53-433d-9de5-920325bd5a30,imported,"D2: The Mighty Ducks"
133,"Hockey / Skating","D3: The Mighty Ducks",1996,845f62db-dcab-4ae0-8419-bb3323a122b3,imported,"D3: The Mighty Ducks"
134,"Hockey / Skating","Mystery, Alaska",1999,4308aa7e-da59-477e-8fc9-ff6a8c649092,imported,"Mystery, Alaska"
135,"Hockey / Skating","Goon",2012,165349ac-f421-4593-91fa-ddba3cabf2b8,pre_catalog,"Goon"
136,"Hockey / Skating","Youngblood",1986,a495e062-3c12-4554-98d5-1ef71b2f6044,imported,"Youngblood"
138,"Hockey / Skating","The Cutting Edge",1992,e15c31fa-e0ff-46cd-acfa-7b1eadeeea32,imported,"The Cutting Edge"
141,"Hockey / Skating","Ice Princess",2005,d0ed0f2f-e6d9-4812-8045-9738d6ff3507,imported,"Ice Princess"
142,"Golf","Happy Gilmore",1996,c676bb87-17e4-4193-b29e-f8e718834e4c,imported,"Happy Gilmore"
143,"Golf","Happy Gilmore 2",2025,06b27d55-be9c-45c4-8e8b-cfd1d89b65c9,imported,"Happy Gilmore 2"
144,"Golf","Tin Cup",1996,39576eda-0145-49cc-a415-c3ad0d6151d4,imported,"Tin Cup"
145,"Golf","Caddyshack",1980,2a5a8bbb-a86d-49b0-97e3-6f834a7d1a38,pre_catalog,"Caddyshack"
146,"Golf","The Legend of Bagger Vance",2000,d5705c56-9056-413c-a8ad-d4a887b251ef,imported,"The Legend of Bagger Vance"
148,"Racing","Ford v Ferrari",2019,69039a05-76bc-4e33-a909-c093762e9e7f,pre_catalog,"Ford v Ferrari"
149,"Racing","Rush",2013,28c7dfbf-fb5c-4f64-9ae8-216795174e40,imported,"Rush"
150,"Racing","Days of Thunder",1990,3d820234-dbcc-480b-b3e7-60746a626f4e,imported,"Days of Thunder"
151,"Racing","Talladega Nights: The Ballad of Ricky Bobby",2006,d7a18327-6db4-4bda-83e0-5d0cc422cc4a,imported,"Talladega Nights: The Ballad of Ricky Bobby"
152,"Racing","F1",2025,e5959d51-f2eb-4552-9164-fbd8c2cca310,imported,"F1 / F1: The Movie"
153,"Racing","Gran Turismo",2023,b8d3684e-d621-476b-8933-dd39bdd39e61,imported,"Gran Turismo"
154,"Racing","Speed Racer",2008,ce8cbde1-394a-4549-8be0-d299621782c2,imported,"Speed Racer"
155,"Racing","Herbie Fully Loaded",2005,a3add8e1-bf00-4a38-b1f6-e917a7e2a149,imported,"Herbie Fully Loaded"
156,"Racing","The Love Bug",1968,2e9604e8-a838-4455-8254-ce77ffff7e4f,imported,"The Love Bug"
158,"Racing","Driven",2001,64795e33-467b-41c0-a324-0ac11257aa98,imported,"Driven"
159,"Racing","Need for Speed",2014,21d5f9a6-802c-4397-a714-21d4c123c7f9,imported,"Need for Speed"
160,"Racing","The Fast and the Furious",2001,9745d378-3d5c-49a9-ac7e-033902a87cd4,pre_catalog,"The Fast and the Furious"
161,"Racing","Cars",2006,75f3878f-0b5f-4c5c-af3f-8cd5c3574529,pre_catalog,"Cars"
162,"Racing","Cars 2",2011,abf3c039-bd0b-4a41-a089-19b8a4d5fb3c,pre_catalog,"Cars 2"
163,"Racing","Cars 3",2017,765a16e5-bb09-494a-8ddb-7334fb213d5f,pre_catalog,"Cars 3"
164,"Racing","Turbo",2013,17d466fc-5186-49ed-9486-901f4d75cbd0,imported,"Turbo"
165,"Soccer","Bend It Like Beckham",2002,78ce9046-9f90-4972-9623-aecc5ee3e685,imported,"Bend It Like Beckham"
166,"Soccer","Goal!",2005,c65f2931-b373-4f20-aad0-b2f64ac0a4e3,imported,"Goal!"
167,"Soccer","Kicking & Screaming",2005,6fb97916-5f3f-403b-9ecf-0aeed79f12d0,imported,"Kicking & Screaming"
168,"Soccer","Shaolin Soccer",2001,6ada6d35-1c88-413b-8b6a-8243bf693faf,imported,"Shaolin Soccer"
169,"Soccer","Victory",1981,e2e93c7d-682c-4a2f-9339-22f1ec343b5c,pre_catalog,"Victory / Escape to Victory"
170,"Soccer","She's the Man",2006,42f1fe34-2aa1-4eeb-8b41-67dcf3a8d9a1,imported,"She's the Man"
171,"Soccer","The Big Green",1995,3a97c81f-287f-4bba-b4d9-405b327316a7,imported,"The Big Green"
172,"Soccer","Ladybugs",1992,03b62857-7bbe-48b5-893a-cf4a629cbb0b,imported,"Ladybugs"
173,"Soccer","Mean Machine",2001,771f4631-5be0-4a50-8476-97dba435a3f2,imported,"Mean Machine"
174,"Tennis","Battle of the Sexes",2017,bf3d73c2-309d-4a19-8fed-840e4561ecb1,imported,"Battle of the Sexes"
175,"Tennis","Wimbledon",2004,54646fb0-b0eb-42ec-84c7-886f43be893e,imported,"Wimbledon"
176,"Tennis","Borg vs McEnroe",2017,a24d2556-3ff0-4756-977e-45d017eebc80,imported,"Borg vs. McEnroe"
177,"Tennis","King Richard",2021,1f60977f-b3e3-46e6-9588-5d514df71ee2,pre_catalog,"King Richard"
178,"Tennis","Challengers",2024,ce61d73b-c214-43c0-87de-fb7ec1c3b837,imported,"Challengers"
179,"Track / Olympics","Chariots of Fire",1981,7cc75592-6721-4fbc-9bbd-8a390e7b2749,pre_catalog,"Chariots of Fire"
180,"Track / Olympics","Prefontaine",1997,61574b1e-803f-40e2-b057-643cdb51ca4a,imported,"Prefontaine"
181,"Track / Olympics","Without Limits",1998,8a857305-096a-40e1-b240-b628881a02c4,imported,"Without Limits"
183,"Track / Olympics","McFarland, USA",2015,e872cee7-10bf-4067-aca7-5238fe94dc5e,imported,"McFarland, USA"
185,"Track / Olympics","Personal Best",1982,126ff396-6d72-4578-8f9c-92fca003514f,imported,"Personal Best"
187,"Track / Olympics","Oxford Blues",1984,fa0e88ab-77a5-4feb-90f1-adefedf18bc8,imported,"Oxford Blues"
188,"Track / Olympics","Wind",1992,658ae8f4-f9ee-4c2d-8ef8-a238559dcc2f,imported,"Wind"
189,"Track / Olympics","The World's Fastest Indian",2005,0c75fb0c-d323-46bf-a03d-0f7cefcd8d56,imported,"The World's Fastest Indian"
190,"Track / Olympics","Cool Runnings",1993,f6044500-cc05-422b-8f7e-76ed11e67ed8,imported,"Cool Runnings"
191,"Surf / Skate / Extreme","Soul Surfer",2011,a2c2fa31-c15b-409e-afea-42832f7b7bc3,imported,"Soul Surfer"
192,"Surf / Skate / Extreme","Blue Crush",2002,9beca54b-30d7-4a2e-9d61-f34eab0871ae,imported,"Blue Crush"
193,"Surf / Skate / Extreme","North Shore",1987,d65fdb5a-6565-4136-8634-b1ac87915d7c,imported,"North Shore"
194,"Surf / Skate / Extreme","Lords of Dogtown",2005,4545a4c5-35b4-40a4-817e-89b94d4844f7,imported,"Lords of Dogtown"
195,"Surf / Skate / Extreme","Airborne",1993,9f630f63-92f0-4c42-98bf-12ffad64c321,imported,"Airborne"
196,"Surf / Skate / Extreme","Whip It",2009,f9c27028-2b6d-4ecd-a814-9e49b47f4384,imported,"Whip It"
197,"Surf / Skate / Extreme","Gleaming the Cube",1989,59a8cb82-fc89-4d18-8e1d-29beead45500,imported,"Gleaming the Cube"
198,"Surf / Skate / Extreme","BMX Bandits",1983,69440c68-41b8-46ea-9aef-df5015e34cb4,imported,"BMX Bandits"
199,"Surf / Skate / Extreme","Rad",1986,51e9a540-44ec-4cd3-a1c6-fcfd67c2cfd9,imported,"Rad"
200,"Surf / Skate / Extreme","Thrashin'",1986,fdb4ca64-d920-47c2-96c6-91d7387e581a,imported,"Thrashin'"
201,"Surf / Skate / Extreme","Grind",2003,73b7acd7-9f44-41c8-92f3-e1fc7a426625,imported,"Grind"
202,"Cheer / Gymnastics","Bring It On",2000,f77a6c2d-2783-46ad-8295-2d57cd4f2aa8,imported,"Bring It On"
206,"Cheer / Gymnastics","Stick It",2006,c820c444-db51-4cac-b148-7f87bc261a32,imported,"Stick It"
207,"Cheer / Gymnastics","Gymkata",1985,6670c4a8-a353-466f-a2f6-8ab1baba56b1,imported,"Gymkata"
208,"Cheer / Gymnastics","American Anthem",1986,6bb27d84-5281-4dd9-87d6-fe1343eb83c5,imported,"American Anthem"
209,"Cheer / Gymnastics","Blades of Glory",2007,0714ed3c-c1ae-4ebb-af9e-7e84bd13cb7b,imported,"Blades of Glory"
210,"Other Games","The Big Lebowski",1998,7dec0e18-7569-4f6e-9a8e-814c093bbff7,imported,"The Big Lebowski"
211,"Other Games","Kingpin",1996,25d24090-55c3-405f-810d-b92d6e316eb5,imported,"Kingpin"
212,"Other Games","The Color of Money",1986,c9174c29-f969-44aa-99d1-6c34b2d6f589,imported,"The Color of Money"
213,"Other Games","The Hustler",1961,6cd04abb-d61a-47b0-8e1c-4b44f26dc9e4,imported,"The Hustler"
214,"Other Games","Searching for Bobby Fischer",1993,122cdb02-32dd-4829-82b7-70fd8bc899ba,imported,"Searching for Bobby Fischer"
215,"Other Games","Balls of Fury",2007,7dbc12be-0528-47a0-a8ce-c63e88fb45d0,imported,"Balls of Fury"
216,"Other Games","DodgeBall: A True Underdog Story",2004,be5da201-f603-42d6-bd16-bda41efe6426,imported,"Dodgeball: A True Underdog Story"
217,"Other Games","Marty Supreme",2025,9b172420-49c4-4600-b9c3-ee6cccdd575c,pre_catalog,"Marty Supreme"
218,"Other Games","Ping Pong Summer",2014,519f50fa-f2f9-4fa1-aad4-1809f327de43,imported,"Ping Pong Summer"
219,"Horse Racing","Seabiscuit",2003,bbc95676-284c-46f8-80e7-ac1109bd4a4c,pre_catalog,"Seabiscuit"
220,"Horse Racing","Secretariat",2010,3d0130f4-9dfb-4f7f-ae16-31d8c20a2c89,imported,"Secretariat"
222,"Horse Racing","Hot to Trot",1988,76bddf14-b6d6-4c77-9cfd-483cb15be1a5,imported,"Hot to Trot"
223,"Horse Racing","Let It Ride",1989,405fe67a-17e0-4b01-bd84-7aed211a88a6,imported,"Let It Ride"
224,"Horse Racing","The Black Stallion",1979,44609f21-5540-4686-96c1-212e0f66b3a3,imported,"The Black Stallion"
225,"Horse Racing","The Black Stallion Returns",1983,32ba15a3-edba-47e1-8f85-21b6d25c39b7,imported,"The Black Stallion Returns"
